{"id":"session-2023-02-24_11-18-29-workplace.json","name":"","version":"","things":[],"places":[{"id":"TS-12984c9b-8662-4d3c-b15e-4b25e337e484","name":"","detectable":"WA-12984c9b-8662-4d3c-b15e-4b25e337e484","type":"","pois":[{"id":"AN-076be810-8ec7-4f1f-8752-21fef7ff4954","x_offset":-0.09428002,"y_offset":0.195503652,"z_offset":0.572697163,"offset":"-0.09428002, 0.1955037, 0.5726972","rotation":"0, 0, 0","scale":"1, 1, 1"}],"sensor":""},{"id":"TS-96e8f121-e4b1-4f5f-b074-a0dea57d5b84","name":"","detectable":"WA-96e8f121-e4b1-4f5f-b074-a0dea57d5b84","type":"","pois":[{"id":"AN-c37d0117-a7d0-4de1-94d6-290a3369b23a","x_offset":0.0,"y_offset":0.0,"z_offset":0.0,"offset":"0, 0, 0","rotation":"0, 0, 0","scale":""},{"id":"AN-d45ff2b7-767e-4e02-8b05-4a72899bfc34","x_offset":0.0,"y_offset":0.0,"z_offset":0.0,"offset":"0, 0, 0","rotation":"0, 0, 0","scale":""}],"sensor":""},{"id":"TS-05e37da5-98f1-4e23-a1fc-91f53db1fa38","name":"","detectable":"WA-05e37da5-98f1-4e23-a1fc-91f53db1fa38","type":"","pois":[{"id":"AN-867c133b-2d2d-4f89-b170-b2838766ff09","x_offset":0.00321221352,"y_offset":0.219680458,"z_offset":0.00255805254,"offset":"0.003212214, 0.2196805, 0.002558053","rotation":"0, 0, 0","scale":""}],"sensor":""},{"id":"TS-b72b7da1-3ae8-4320-9cb3-d676c00e014b","name":"","detectable":"WA-b72b7da1-3ae8-4320-9cb3-d676c00e014b","type":"","pois":[{"id":"AN-d20c6280-b55f-4f36-9ea0-089e7ccfbccd","x_offset":-1.15934873,"y_offset":-0.520061553,"z_offset":0.689072549,"offset":"-1.159349, -0.5200616, 0.6890725","rotation":"359.26, 198.83, 6.17","scale":"0.6, 0.6, 0.6"},{"id":"AN-2cfeb6a0-a556-4e08-ab98-b4e2f01e2aca","x_offset":-1.0588659,"y_offset":-0.5096766,"z_offset":0.5838811,"offset":"-1.058866, -0.5096766, 0.5838811","rotation":"0, 0, 0","scale":"1, 1, 1"},{"id":"AN-6f81214a-7691-4275-9855-4c5c036c7a92","x_offset":0.0030708313,"y_offset":0.21970126,"z_offset":0.000183165073,"offset":"0.003070831, 0.2197013, 0.0001831651","rotation":"0, 0, 0","scale":""},{"id":"AN-2605ce75-47e2-4803-8bfa-5591a8c13e87","x_offset":-2.12570477,"y_offset":0.143830836,"z_offset":1.172106,"offset":"-2.125705, 0.1438308, 1.172106","rotation":"0, 0, 0","scale":"1, 1, 1"},{"id":"AN-74a97c36-e66e-4700-a56a-662413d35348","x_offset":-0.67937243,"y_offset":0.06229794,"z_offset":0.813294649,"offset":"-0.6793724, 0.06229794, 0.8132946","rotation":"0, 0, 0","scale":"1, 1, 1"},{"id":"AN-c29b5f37-3ba2-4256-bc4d-45463e2a32ea","x_offset":-0.075264886,"y_offset":0.19988367,"z_offset":-0.031993404,"offset":"-0.07526489, 0.1998837, -0.0319934","rotation":"0, 0, 0","scale":""}],"sensor":""}],"persons":[],"sensors":[],"devices":[],"apps":[],"detectables":[{"id":"WA-12984c9b-8662-4d3c-b15e-4b25e337e484","sensor":"","type":"anchor","url":"","origin_position":"-0.1816767, -0.142627, -0.1611942","origin_rotation":"36.44822, 281.1032, 288.4706"},{"id":"WA-96e8f121-e4b1-4f5f-b074-a0dea57d5b84","sensor":"","type":"anchor","url":"","origin_position":"0.2685472, -0.6801757, 0.02437767","origin_rotation":"36.44822, 281.1032, 288.4706"},{"id":"WA-05e37da5-98f1-4e23-a1fc-91f53db1fa38","sensor":"","type":"anchor","url":"","origin_position":"0.5683436, -0.470662, 0.02529394","origin_rotation":"36.44822, 281.1032, 288.4706"},{"id":"WA-b72b7da1-3ae8-4320-9cb3-d676c00e014b","sensor":"","type":"anchor","url":"","origin_position":"0.3534102, -0.5602679, 0.03608735","origin_rotation":"36.44822, 281.1032, 288.4706"}],"predicates":[],"warnings":[],"hazards":[]}